{
  "ADP": {
    "Environmental": {
      "mean_absolute_change": 0.007747635028317327,
      "n_changes": 8
    },
    "Governance": {
      "mean_absolute_change": 0.01527581296437018,
      "n_changes": 8
    },
    "Social": {
      "mean_absolute_change": 0.012397128674655464,
      "n_changes": 8
    }
  },
  "BR": {
    "Environmental": {
      "mean_absolute_change": 0.0032549907209900248,
      "n_changes": 8
    },
    "Governance": {
      "mean_absolute_change": 0.04338363804092898,
      "n_changes": 8
    },
    "Social": {
      "mean_absolute_change": 0.044349416809584846,
      "n_changes": 8
    }
  },
  "CHRW": {
    "Environmental": {
      "mean_absolute_change": 0.025981172970413344,
      "n_changes": 8
    },
    "Governance": {
      "mean_absolute_change": 0.022279743837440354,
      "n_changes": 8
    },
    "Social": {
      "mean_absolute_change": 0.03248675768642939,
      "n_changes": 8
    }
  },
  "CMI": {
    "Environmental": {
      "mean_absolute_change": 0.027676923377434437,
      "n_changes": 8
    },
    "Governance": {
      "mean_absolute_change": 0.008669642620581218,
      "n_changes": 8
    },
    "Social": {
      "mean_absolute_change": 0.02851085867846795,
      "n_changes": 8
    }
  },
  "CPRT": {
    "Environmental": {
      "mean_absolute_change": 0.01706137796225026,
      "n_changes": 8
    },
    "Governance": {
      "mean_absolute_change": 0.013358294351755423,
      "n_changes": 8
    },
    "Social": {
      "mean_absolute_change": 0.022912466808914053,
      "n_changes": 8
    }
  },
  "CSX": {
    "Environmental": {
      "mean_absolute_change": 0.051612645070000435,
      "n_changes": 8
    },
    "Governance": {
      "mean_absolute_change": 0.01826211574277166,
      "n_changes": 8
    },
    "Social": {
      "mean_absolute_change": 0.0395161930177411,
      "n_changes": 8
    }
  },
  "CTAS": {
    "Environmental": {
      "mean_absolute_change": 0.07948588071883873,
      "n_changes": 8
    },
    "Governance": {
      "mean_absolute_change": 0.024785037636304304,
      "n_changes": 8
    },
    "Social": {
      "mean_absolute_change": 0.0680467855691431,
      "n_changes": 8
    }
  },
  "DOV": {
    "Environmental": {
      "mean_absolute_change": 0.02836600647728127,
      "n_changes": 8
    },
    "Governance": {
      "mean_absolute_change": 0.05809395384218399,
      "n_changes": 8
    },
    "Social": {
      "mean_absolute_change": 0.07534668073446825,
      "n_changes": 8
    }
  },
  "EMR": {
    "Environmental": {
      "mean_absolute_change": 0.05822886626561071,
      "n_changes": 8
    },
    "Governance": {
      "mean_absolute_change": 0.07525755630982152,
      "n_changes": 8
    },
    "Social": {
      "mean_absolute_change": 0.06794702971523202,
      "n_changes": 8
    }
  },
  "GD": {
    "Environmental": {
      "mean_absolute_change": 0.024222662954110394,
      "n_changes": 8
    },
    "Governance": {
      "mean_absolute_change": 0.017263321900249977,
      "n_changes": 8
    },
    "Social": {
      "mean_absolute_change": 0.032731305083667964,
      "n_changes": 8
    }
  },
  "HII": {
    "Environmental": {
      "mean_absolute_change": 0.014434782860932128,
      "n_changes": 8
    },
    "Governance": {
      "mean_absolute_change": 0.011187877698458585,
      "n_changes": 8
    },
    "Social": {
      "mean_absolute_change": 0.01640305917499442,
      "n_changes": 8
    }
  },
  "HWM": {
    "Environmental": {
      "mean_absolute_change": 0.04374400984756024,
      "n_changes": 8
    },
    "Governance": {
      "mean_absolute_change": 0.03385757375841347,
      "n_changes": 8
    },
    "Social": {
      "mean_absolute_change": 0.05302668739675927,
      "n_changes": 8
    }
  },
  "ITW": {
    "Environmental": {
      "mean_absolute_change": 0.05332353407489756,
      "n_changes": 8
    },
    "Governance": {
      "mean_absolute_change": 0.055410330450565634,
      "n_changes": 8
    },
    "Social": {
      "mean_absolute_change": 0.09887961534134401,
      "n_changes": 8
    }
  },
  "J": {
    "Environmental": {
      "mean_absolute_change": 0.03782936423919684,
      "n_changes": 8
    },
    "Governance": {
      "mean_absolute_change": 0.024960418300861268,
      "n_changes": 8
    },
    "Social": {
      "mean_absolute_change": 0.042378112901106865,
      "n_changes": 8
    }
  },
  "LMT": {
    "Environmental": {
      "mean_absolute_change": 0.0225551710323458,
      "n_changes": 8
    },
    "Governance": {
      "mean_absolute_change": 0.010131085230879279,
      "n_changes": 8
    },
    "Social": {
      "mean_absolute_change": 0.02650594995422373,
      "n_changes": 8
    }
  },
  "MAS": {
    "Environmental": {
      "mean_absolute_change": 0.035275893611264396,
      "n_changes": 8
    },
    "Governance": {
      "mean_absolute_change": 0.03655422376002025,
      "n_changes": 8
    },
    "Social": {
      "mean_absolute_change": 0.046082737435707496,
      "n_changes": 8
    }
  },
  "MMM": {
    "Environmental": {
      "mean_absolute_change": 0.16403451046506137,
      "n_changes": 8
    },
    "Governance": {
      "mean_absolute_change": 0.061836072834051646,
      "n_changes": 8
    },
    "Social": {
      "mean_absolute_change": 0.13294133661946564,
      "n_changes": 8
    }
  },
  "NOC": {
    "Environmental": {
      "mean_absolute_change": 0.029366368175773167,
      "n_changes": 8
    },
    "Governance": {
      "mean_absolute_change": 0.01887224402698349,
      "n_changes": 8
    },
    "Social": {
      "mean_absolute_change": 0.03337126003521826,
      "n_changes": 8
    }
  },
  "NSC": {
    "Environmental": {
      "mean_absolute_change": 0.0398643735524693,
      "n_changes": 8
    },
    "Governance": {
      "mean_absolute_change": 0.011663456053241806,
      "n_changes": 8
    },
    "Social": {
      "mean_absolute_change": 0.03870311208392195,
      "n_changes": 8
    }
  },
  "ROK": {
    "Environmental": {
      "mean_absolute_change": 0.026673952045270278,
      "n_changes": 8
    },
    "Governance": {
      "mean_absolute_change": 0.019717656379292667,
      "n_changes": 8
    },
    "Social": {
      "mean_absolute_change": 0.030956337812019036,
      "n_changes": 8
    }
  },
  "RTX": {
    "Environmental": {
      "mean_absolute_change": 0.023855108071124783,
      "n_changes": 8
    },
    "Governance": {
      "mean_absolute_change": 0.030906472618732132,
      "n_changes": 8
    },
    "Social": {
      "mean_absolute_change": 0.04136640092895246,
      "n_changes": 8
    }
  },
  "TDG": {
    "Environmental": {
      "mean_absolute_change": 0.06136746516914628,
      "n_changes": 8
    },
    "Governance": {
      "mean_absolute_change": 0.04073117279862738,
      "n_changes": 8
    },
    "Social": {
      "mean_absolute_change": 0.07030027589117004,
      "n_changes": 8
    }
  },
  "TT": {
    "Environmental": {
      "mean_absolute_change": 0.03872214388374457,
      "n_changes": 8
    },
    "Governance": {
      "mean_absolute_change": 0.021702745527402537,
      "n_changes": 8
    },
    "Social": {
      "mean_absolute_change": 0.038173191032327004,
      "n_changes": 8
    }
  },
  "UAL": {
    "Environmental": {
      "mean_absolute_change": 0.06217923843212896,
      "n_changes": 8
    },
    "Governance": {
      "mean_absolute_change": 0.01556069566530895,
      "n_changes": 8
    },
    "Social": {
      "mean_absolute_change": 0.054911270296537744,
      "n_changes": 8
    }
  },
  "URI": {
    "Environmental": {
      "mean_absolute_change": 0.057055264848244705,
      "n_changes": 8
    },
    "Governance": {
      "mean_absolute_change": 0.03306218041322931,
      "n_changes": 8
    },
    "Social": {
      "mean_absolute_change": 0.05347927196994813,
      "n_changes": 8
    }
  },
  "WAB": {
    "Environmental": {
      "mean_absolute_change": 0.050335274882065364,
      "n_changes": 8
    },
    "Governance": {
      "mean_absolute_change": 0.022729502602623075,