{
  "ADP": {
    "Environmental": {
      "mean_absolute_change": 0.0077476349540215265,
      "n_changes": 8
    },
    "Governance": {
      "mean_absolute_change": 0.015275813313914983,
      "n_changes": 8
    },
    "Social": {
      "mean_absolute_change": 0.012397129142289964,
      "n_changes": 8
    }
  },
  "BR": {
    "Environmental": {
      "mean_absolute_change": 0.003254990779938514,
      "n_changes": 8
    },
    "Governance": {
      "mean_absolute_change": 0.043383637628970156,
      "n_changes": 8
    },
    "Social": {
      "mean_absolute_change": 0.04434941654418775,
      "n_changes": 8
    }
  },
  "CHRW": {
    "Environmental": {
      "mean_absolute_change": 0.025981173072585545,
      "n_changes": 8
    },
    "Governance": {
      "mean_absolute_change": 0.022279744417318642,
      "n_changes": 8
    },
    "Social": {
      "mean_absolute_change": 0.032486757678168485,
      "n_changes": 8
    }
  },
  "CMI": {
    "Environmental": {
      "mean_absolute_change": 0.02767692309087008,
      "n_changes": 8
    },
    "Governance": {
      "mean_absolute_change": 0.00866964280357878,
      "n_changes": 8
    },
    "Social": {
      "mean_absolute_change": 0.028510858221278038,
      "n_changes": 8
    }
  },
  "CPRT": {
    "Environmental": {
      "mean_absolute_change": 0.01706137776893704,
      "n_changes": 8
    },
    "Governance": {
      "mean_absolute_change": 0.013358294556709713,
      "n_changes": 8
    },
    "Social": {
      "mean_absolute_change": 0.022912466719626857,
      "n_changes": 8
    }
  },
  "CSX": {
    "Environmental": {
      "mean_absolute_change": 0.05161264526224459,
      "n_changes": 8
    },
    "Governance": {
      "mean_absolute_change": 0.018262115257705994,
      "n_changes": 8
    },
    "Social": {
      "mean_absolute_change": 0.03951619385392131,
      "n_changes": 8
    }
  },
  "CTAS": {
    "Environmental": {
      "mean_absolute_change": 0.07948588096438683,
      "n_changes": 8
    },
    "Governance": {
      "mean_absolute_change": 0.024785037976095756,
      "n_changes": 8
    },
    "Social": {
      "mean_absolute_change": 0.06804678639707873,
      "n_changes": 8
    }
  },
  "DOV": {
    "Environmental": {
      "mean_absolute_change": 0.028366008117761403,
      "n_changes": 8
    },
    "Governance": {
      "mean_absolute_change": 0.05809395335798469,
      "n_changes": 8
    },
    "Social": {
      "mean_absolute_change": 0.0753466807651483,
      "n_changes": 8
    }
  },
  "EMR": {
    "Environmental": {
      "mean_absolute_change": 0.05822886613666164,
      "n_changes": 8
    },
    "Governance": {
      "mean_absolute_change": 0.07525755511382287,
      "n_changes": 8
    },
    "Social": {
      "mean_absolute_change": 0.06794702882925535,
      "n_changes": 8
    }
  },
  "GD": {
    "Environmental": {
      "mean_absolute_change": 0.024222662859320596,
      "n_changes": 8
    },
    "Governance": {
      "mean_absolute_change": 0.017263322045185207,
      "n_changes": 8
    },
    "Social": {
      "mean_absolute_change": 0.03273130517523479,
      "n_changes": 8
    }
  },
  "HII": {
    "Environmental": {
      "mean_absolute_change": 0.014434782461471944,
      "n_changes": 8
    },
    "Governance": {
      "mean_absolute_change": 0.011187877472671106,
      "n_changes": 8
    },
    "Social": {
      "mean_absolute_change": 0.016403058638029225,
      "n_changes": 8
    }
  },
  "HWM": {
    "Environmental": {
      "mean_absolute_change": 0.04374401006762857,
      "n_changes": 8
    },
    "Governance": {
      "mean_absolute_change": 0.033857574120356185,
      "n_changes": 8
    },
    "Social": {
      "mean_absolute_change": 0.05302668764396174,
      "n_changes": 8
    }
  },
  "ITW": {
    "Environmental": {
      "mean_absolute_change": 0.05332353373012803,
      "n_changes": 8
    },
    "Governance": {
      "mean_absolute_change": 0.05541033038041482,
      "n_changes": 8
    },
    "Social": {
      "mean_absolute_change": 0.09887961503472202,
      "n_changes": 8
    }
  },
  "J": {
    "Environmental": {
      "mean_absolute_change": 0.03782936412901713,
      "n_changes": 8
    },
    "Governance": {
      "mean_absolute_change": 0.02496041814879699,
      "n_changes": 8
    },
    "Social": {
      "mean_absolute_change": 0.04237811303088766,
      "n_changes": 8
    }
  },
  "LMT": {
    "Environmental": {
      "mean_absolute_change": 0.02255517051743018,
      "n_changes": 8
    },
    "Governance": {
      "mean_absolute_change": 0.010131085409014605,
      "n_changes": 8
    },
    "Social": {
      "mean_absolute_change": 0.026505949636350376,
      "n_changes": 8
    }
  },
  "MAS": {
    "Environmental": {
      "mean_absolute_change": 0.03527589365426906,
      "n_changes": 8
    },
    "Governance": {
      "mean_absolute_change": 0.036554223795624854,
      "n_changes": 8
    },
    "Social": {
      "mean_absolute_change": 0.046082736693223034,
      "n_changes": 8
    }
  },
  "MMM": {
    "Environmental": {
      "mean_absolute_change": 0.16403451065888358,
      "n_changes": 8
    },
    "Governance": {
      "mean_absolute_change": 0.061836072768768506,
      "n_changes": 8
    },
    "Social": {
      "mean_absolute_change": 0.13294133721764845,
      "n_changes": 8
    }
  },
  "NOC": {
    "Environmental": {
      "mean_absolute_change": 0.02936636755642355,
      "n_changes": 8
    },
    "Governance": {
      "mean_absolute_change": 0.018872243961809594,
      "n_changes": 8
    },
    "Social": {
      "mean_absolute_change": 0.03337126042125686,
      "n_changes": 8
    }
  },
  "NSC": {
    "Environmental": {
      "mean_absolute_change": 0.039864374021840114,
      "n_changes": 8
    },
    "Governance": {
      "mean_absolute_change": 0.011663455935672834,
      "n_changes": 8
    },
    "Social": {
      "mean_absolute_change": 0.03870311236892819,
      "n_changes": 8
    }
  },
  "ROK": {
    "Environmental": {
      "mean_absolute_change": 0.026673951890601105,
      "n_changes": 8
    },
    "Governance": {
      "mean_absolute_change": 0.019717656572457457,
      "n_changes": 8
    },
    "Social": {
      "mean_absolute_change": 0.03095633770395402,
      "n_changes": 8
    }
  },
  "RTX": {
    "Environmental": {
      "mean_absolute_change": 0.023855108333761164,
      "n_changes": 8
    },
    "Governance": {
      "mean_absolute_change": 0.030906472420397547,
      "n_changes": 8
    },
    "Social": {
      "mean_absolute_change": 0.04136640096003613,
      "n_changes": 8
    }
  },
  "TDG": {
    "Environmental": {
      "mean_absolute_change": 0.061367465197762996,
      "n_changes": 8
    },
    "Governance": {
      "mean_absolute_change": 0.04073117287820841,
      "n_changes": 8
    },
    "Social": {
      "mean_absolute_change": 0.07030027660458629,
      "n_changes": 8
    }
  },
  "TT": {
    "Environmental": {
      "mean_absolute_change": 0.03872214334616098,
      "n_changes": 8
    },
    "Governance": {
      "mean_absolute_change": 0.02170274560243177,
      "n_changes": 8
    },
    "Social": {
      "mean_absolute_change": 0.03817319198038882,
      "n_changes": 8
    }
  },
  "UAL": {
    "Environmental": {
      "mean_absolute_change": 0.06217923901938606,
      "n_changes": 8
    },
    "Governance": {
      "mean_absolute_change": 0.01556069544795238,
      "n_changes": 8
    },
    "Social": {
      "mean_absolute_change": 0.05491127065554056,
      "n_changes": 8
    }
  },
  "UBER": {
    "Environmental": {
      "mean_absolute_change": 0.016912031904343944,
      "n_changes": 6
    },
    "Governance": {
      "mean_absolute_change": 0.011433105793646911,
      "n_changes": 6
    },
    "Social": {
      "mean_absolute_change": 0.02140539602708334,
      "n_changes": 6
    }
  },
  "URI": {
    "Environmental": {
      "mean_absolute_change": 0.05705526461277292,
      "n_changes": 8
    },
    "Governance": {
      "mean_absolute_change": 0.03306218044386652,